index,title,link
0,Killer Instinct (Tom Walker Book 1),https://www.amazon.com/sspa/click?ie=UTF8&spc=MTo4OTc0NTI4NTQ4MjI3NzU3OjE3NjIxNDM0NzI6c3BfcGhvbmVfc2VhcmNoX2F0ZjozMDAzMjExNjc4NTAxMDI6OjA6Og&url=%2FKiller-Instinct-Tom-Walker-Book-ebook%2Fdp%2FB0BZ116JCC%2Fref%3Dmp_s_a_1_1_sspa%3Fdib%3DeyJ2IjoiMSJ9.-eOAVhFpESUMjTTwTdsAwRDVzp-npEczJ-B2D2uEhlz70URaWUc7j0Yv5-JjJgooq6mpBKQ6EC3veVDz9wpXBZTlMWZ0aBnyvnND_cIvs4yzi6JxNjaohrY-OMhWesdcMNluNDbQA6s-2173FFjNRzQ-u14ckD9YeCNNcsAVV9fmjYN6AK152HyNRG2I4LHKDn8pKVX9JtHbBLvRv1kcyw.facQAahmOy6I9NSpWJ9PPpu3M_COuWgF9K6lX80MkDY%26dib_tag%3Dse%26keywords%3Dprime%2Breads%2Bfree%2Bfor%2Bprime%2Bmembers%26qid%3D1762143471%26sr%3D8-1-spons%26sp_csd%3Dd2lkZ2V0TmFtZT1zcF9waG9uZV9zZWFyY2hfYXRm%26psc%3D1
1,"The Girl Behind the Gates: The gripping, heartbreaking historical bestseller based on a true story",https://www.amazon.com/Girl-Behind-Gates-heart-breaking-historical-ebook/dp/B0847KDV8W/ref=mp_s_a_1_2?dib=eyJ2IjoiMSJ9.-eOAVhFpESUMjTTwTdsAwRDVzp-npEczJ-B2D2uEhlz70URaWUc7j0Yv5-JjJgooq6mpBKQ6EC3veVDz9wpXBZTlMWZ0aBnyvnND_cIvs4yzi6JxNjaohrY-OMhWesdcMNluNDbQA6s-2173FFjNRzQ-u14ckD9YeCNNcsAVV9fmjYN6AK152HyNRG2I4LHKDn8pKVX9JtHbBLvRv1kcyw.facQAahmOy6I9NSpWJ9PPpu3M_COuWgF9K6lX80MkDY&dib_tag=se&keywords=prime+reads+free+for+prime+members&qid=1762143471&sr=8-2
2,The Night of the Crash: The brand-new gripping thriller with an ending that will take your breath away,https://www.amazon.com/Night-Crash-brand-new-gripping-thriller-ebook/dp/B0D69YT67L/ref=mp_s_a_1_3?dib=eyJ2IjoiMSJ9.-eOAVhFpESUMjTTwTdsAwRDVzp-npEczJ-B2D2uEhlz70URaWUc7j0Yv5-JjJgooq6mpBKQ6EC3veVDz9wpXBZTlMWZ0aBnyvnND_cIvs4yzi6JxNjaohrY-OMhWesdcMNluNDbQA6s-2173FFjNRzQ-u14ckD9YeCNNcsAVV9fmjYN6AK152HyNRG2I4LHKDn8pKVX9JtHbBLvRv1kcyw.facQAahmOy6I9NSpWJ9PPpu3M_COuWgF9K6lX80MkDY&dib_tag=se&keywords=prime+reads+free+for+prime+members&qid=1762143471&sr=8-3
3,The Mysterious Bakery on Rue de Paris: An Enchanting and Escapist Novel from the Internationally Bestselling author of The Lost Bookshop for 2025,https://www.amazon.com/Mysterious-Bakery-Rue-Paris-internationally-ebook/dp/B0D5PYQGLC/ref=mp_s_a_1_4?dib=eyJ2IjoiMSJ9.-eOAVhFpESUMjTTwTdsAwRDVzp-npEczJ-B2D2uEhlz70URaWUc7j0Yv5-JjJgooq6mpBKQ6EC3veVDz9wpXBZTlMWZ0aBnyvnND_cIvs4yzi6JxNjaohrY-OMhWesdcMNluNDbQA6s-2173FFjNRzQ-u14ckD9YeCNNcsAVV9fmjYN6AK152HyNRG2I4LHKDn8pKVX9JtHbBLvRv1kcyw.facQAahmOy6I9NSpWJ9PPpu3M_COuWgF9K6lX80MkDY&dib_tag=se&keywords=prime+reads+free+for+prime+members&qid=1762143471&sr=8-4
4,"The Second Chance Book Club: A heart-warming and uplifting novel about family, love, friendship and the joy of books, from the author of Found in a Bookshop",https://www.amazon.com/Book-Kindness-feel-good-friendship-BOOKSHOP-ebook/dp/B0D5LT1MQ9/ref=mp_s_a_1_5?dib=eyJ2IjoiMSJ9.-eOAVhFpESUMjTTwTdsAwRDVzp-npEczJ-B2D2uEhlz70URaWUc7j0Yv5-JjJgooq6mpBKQ6EC3veVDz9wpXBZTlMWZ0aBnyvnND_cIvs4yzi6JxNjaohrY-OMhWesdcMNluNDbQA6s-2173FFjNRzQ-u14ckD9YeCNNcsAVV9fmjYN6AK152HyNRG2I4LHKDn8pKVX9JtHbBLvRv1kcyw.facQAahmOy6I9NSpWJ9PPpu3M_COuWgF9K6lX80MkDY&dib_tag=se&keywords=prime+reads+free+for+prime+members&qid=1762143471&sr=8-5
5,"The Lighthouse Sisters: A gripping and heartwrenching World War Two historical novel, inspired by true events",https://www.amazon.com/Lighthouse-Sisters-freedom-Heartwrenching-historical-ebook/dp/B09HQK41CW/ref=mp_s_a_1_6?dib=eyJ2IjoiMSJ9.-eOAVhFpESUMjTTwTdsAwRDVzp-npEczJ-B2D2uEhlz70URaWUc7j0Yv5-JjJgooq6mpBKQ6EC3veVDz9wpXBZTlMWZ0aBnyvnND_cIvs4yzi6JxNjaohrY-OMhWesdcMNluNDbQA6s-2173FFjNRzQ-u14ckD9YeCNNcsAVV9fmjYN6AK152HyNRG2I4LHKDn8pKVX9JtHbBLvRv1kcyw.facQAahmOy6I9NSpWJ9PPpu3M_COuWgF9K6lX80MkDY&dib_tag=se&keywords=prime+reads+free+for+prime+members&qid=1762143471&sr=8-6
6,The Beachside Inn (Marigold Island Book 1),https://www.amazon.com/sspa/click?ie=UTF8&spc=MTo4OTc0NTI4NTQ4MjI3NzU3OjE3NjIxNDM0NzI6c3BfcGhvbmVfc2VhcmNoX210ZjoyMDAwNjQwMDI1NTcyNzE6OjA6Og&url=%2FBeachside-Inn-Heartwarming-Fiction-Marigold-ebook%2Fdp%2FB08ZJYHW2Q%2Fref%3Dmp_s_a_1_7_sspa%3Fdib%3DeyJ2IjoiMSJ9.-eOAVhFpESUMjTTwTdsAwRDVzp-npEczJ-B2D2uEhlz70URaWUc7j0Yv5-JjJgooq6mpBKQ6EC3veVDz9wpXBZTlMWZ0aBnyvnND_cIvs4yzi6JxNjaohrY-OMhWesdcMNluNDbQA6s-2173FFjNRzQ-u14ckD9YeCNNcsAVV9fmjYN6AK152HyNRG2I4LHKDn8pKVX9JtHbBLvRv1kcyw.facQAahmOy6I9NSpWJ9PPpu3M_COuWgF9K6lX80MkDY%26dib_tag%3Dse%26keywords%3Dprime%2Breads%2Bfree%2Bfor%2Bprime%2Bmembers%26qid%3D1762143471%26sr%3D8-7-spons%26sp_csd%3Dd2lkZ2V0TmFtZT1zcF9waG9uZV9zZWFyY2hfbXRm%26psc%3D1
7,Found: the absolutely gripping and emotional bestselling thriller,https://www.amazon.com/Found-gripping-emotional-thriller-Radio-ebook/dp/B07ZNMFPJ4/ref=mp_s_a_1_8?dib=eyJ2IjoiMSJ9.-eOAVhFpESUMjTTwTdsAwRDVzp-npEczJ-B2D2uEhlz70URaWUc7j0Yv5-JjJgooq6mpBKQ6EC3veVDz9wpXBZTlMWZ0aBnyvnND_cIvs4yzi6JxNjaohrY-OMhWesdcMNluNDbQA6s-2173FFjNRzQ-u14ckD9YeCNNcsAVV9fmjYN6AK152HyNRG2I4LHKDn8pKVX9JtHbBLvRv1kcyw.facQAahmOy6I9NSpWJ9PPpu3M_COuWgF9K6lX80MkDY&dib_tag=se&keywords=prime+reads+free+for+prime+members&qid=1762143471&sr=8-8
8,The American Girl: The Number One bestselling Irish historical fiction novel of heartbreaking secrets in a home for unwed mothers,https://www.amazon.com/American-Girl-bestselling-heartbreaking-secrets-ebook/dp/B09K793M2H/ref=mp_s_a_1_9?dib=eyJ2IjoiMSJ9.-eOAVhFpESUMjTTwTdsAwRDVzp-npEczJ-B2D2uEhlz70URaWUc7j0Yv5-JjJgooq6mpBKQ6EC3veVDz9wpXBZTlMWZ0aBnyvnND_cIvs4yzi6JxNjaohrY-OMhWesdcMNluNDbQA6s-2173FFjNRzQ-u14ckD9YeCNNcsAVV9fmjYN6AK152HyNRG2I4LHKDn8pKVX9JtHbBLvRv1kcyw.facQAahmOy6I9NSpWJ9PPpu3M_COuWgF9K6lX80MkDY&dib_tag=se&keywords=prime+reads+free+for+prime+members&qid=1762143471&sr=8-9
9,The Assassin's Betrayal: CIA Assassin (Jason Drake Spy Thriller Book 1),https://www.amazon.com/sspa/click?ie=UTF8&spc=MTo4OTc0NTI4NTQ4MjI3NzU3OjE3NjIxNDM0NzI6c3BfcGhvbmVfc2VhcmNoX210ZjoyMDAxODAyMTEyMzEwOTg6OjA6Og&url=%2FAssassins-Betrayal-Assassin-Jason-Drake-ebook%2Fdp%2FB08KGQV8KH%2Fref%3Dmp_s_a_1_10_sspa%3Fdib%3DeyJ2IjoiMSJ9.-eOAVhFpESUMjTTwTdsAwRDVzp-npEczJ-B2D2uEhlz70URaWUc7j0Yv5-JjJgooq6mpBKQ6EC3veVDz9wpXBZTlMWZ0aBnyvnND_cIvs4yzi6JxNjaohrY-OMhWesdcMNluNDbQA6s-2173FFjNRzQ-u14ckD9YeCNNcsAVV9fmjYN6AK152HyNRG2I4LHKDn8pKVX9JtHbBLvRv1kcyw.facQAahmOy6I9NSpWJ9PPpu3M_COuWgF9K6lX80MkDY%26dib_tag%3Dse%26keywords%3Dprime%2Breads%2Bfree%2Bfor%2Bprime%2Bmembers%26qid%3D1762143471%26sr%3D8-10-spons%26sp_csd%3Dd2lkZ2V0TmFtZT1zcF9waG9uZV9zZWFyY2hfbXRm%26psc%3D1
10,The Girl in Town (A Chesapeake Valley Mystery Book 1),https://www.amazon.com/sspa/click?ie=UTF8&spc=MTo4OTc0NTI4NTQ4MjI3NzU3OjE3NjIxNDM0NzI6c3BfcGhvbmVfc2VhcmNoX210ZjozMDA0MzM2OTQ3MDkxMDI6OjA6Og&url=%2FGirl-Town-Chesapeake-Valley-Mystery-ebook%2Fdp%2FB0DDL9RLWQ%2Fref%3Dmp_s_a_1_11_sspa%3Fdib%3DeyJ2IjoiMSJ9.-eOAVhFpESUMjTTwTdsAwRDVzp-npEczJ-B2D2uEhlz70URaWUc7j0Yv5-JjJgooq6mpBKQ6EC3veVDz9wpXBZTlMWZ0aBnyvnND_cIvs4yzi6JxNjaohrY-OMhWesdcMNluNDbQA6s-2173FFjNRzQ-u14ckD9YeCNNcsAVV9fmjYN6AK152HyNRG2I4LHKDn8pKVX9JtHbBLvRv1kcyw.facQAahmOy6I9NSpWJ9PPpu3M_COuWgF9K6lX80MkDY%26dib_tag%3Dse%26keywords%3Dprime%2Breads%2Bfree%2Bfor%2Bprime%2Bmembers%26qid%3D1762143471%26sr%3D8-11-spons%26sp_csd%3Dd2lkZ2V0TmFtZT1zcF9waG9uZV9zZWFyY2hfbXRm%26psc%3D1
11,The Boyfriend,https://www.amazon.com/Boyfriend-Freida-McFadden/dp/1728296226/ref=mp_s_a_1_12?dib=eyJ2IjoiMSJ9.-eOAVhFpESUMjTTwTdsAwRDVzp-npEczJ-B2D2uEhlz70URaWUc7j0Yv5-JjJgooq6mpBKQ6EC3veVDz9wpXBZTlMWZ0aBnyvnND_cIvs4yzi6JxNjaohrY-OMhWesdcMNluNDbQA6s-2173FFjNRzQ-u14ckD9YeCNNcsAVV9fmjYN6AK152HyNRG2I4LHKDn8pKVX9JtHbBLvRv1kcyw.facQAahmOy6I9NSpWJ9PPpu3M_COuWgF9K6lX80MkDY&dib_tag=se&keywords=prime+reads+free+for+prime+members&qid=1762143471&sr=8-12
12,Fetching Raymond: A Story from the Ford County Collection,https://www.amazon.com/Fetching-Raymond-Story-County-Collection-ebook/dp/B00D0OPD96/ref=mp_s_a_1_13?dib=eyJ2IjoiMSJ9.-eOAVhFpESUMjTTwTdsAwRDVzp-npEczJ-B2D2uEhlz70URaWUc7j0Yv5-JjJgooq6mpBKQ6EC3veVDz9wpXBZTlMWZ0aBnyvnND_cIvs4yzi6JxNjaohrY-OMhWesdcMNluNDbQA6s-2173FFjNRzQ-u14ckD9YeCNNcsAVV9fmjYN6AK152HyNRG2I4LHKDn8pKVX9JtHbBLvRv1kcyw.facQAahmOy6I9NSpWJ9PPpu3M_COuWgF9K6lX80MkDY&dib_tag=se&keywords=prime+reads+free+for+prime+members&qid=1762143471&sr=8-13
13,Mind Reader: Closed Door Romance (Sensibility Romance Series Book 1),https://www.amazon.com/sspa/click?ie=UTF8&spc=MTo4OTc0NTI4NTQ4MjI3NzU3OjE3NjIxNDM0NzI6c3BfcGhvbmVfc2VhcmNoX210ZjozMDA4OTIwNTIyNzM5MDI6OjA6Og&url=%2FMind-Reader-Closed-Romance-Sensibility-ebook%2Fdp%2FB0FKVZ73GY%2Fref%3Dmp_s_a_1_14_sspa%3Fdib%3DeyJ2IjoiMSJ9.-eOAVhFpESUMjTTwTdsAwRDVzp-npEczJ-B2D2uEhlz70URaWUc7j0Yv5-JjJgooq6mpBKQ6EC3veVDz9wpXBZTlMWZ0aBnyvnND_cIvs4yzi6JxNjaohrY-OMhWesdcMNluNDbQA6s-2173FFjNRzQ-u14ckD9YeCNNcsAVV9fmjYN6AK152HyNRG2I4LHKDn8pKVX9JtHbBLvRv1kcyw.facQAahmOy6I9NSpWJ9PPpu3M_COuWgF9K6lX80MkDY%26dib_tag%3Dse%26keywords%3Dprime%2Breads%2Bfree%2Bfor%2Bprime%2Bmembers%26qid%3D1762143471%26sr%3D8-14-spons%26sp_csd%3Dd2lkZ2V0TmFtZT1zcF9waG9uZV9zZWFyY2hfbXRm%26psc%3D1
14,New Girl in the Falls (A Sweetwater Falls Mystery Book 1),https://www.amazon.com/sspa/click?ie=UTF8&spc=MTo4OTc0NTI4NTQ4MjI3NzU3OjE3NjIxNDM0NzI6c3BfcGhvbmVfc2VhcmNoX210ZjozMDAxOTA2OTAyMzQ0MDI6OjA6Og&url=%2FGirl-Falls-Sweetwater-Mystery-Book-ebook%2Fdp%2FB0BTWT3YHH%2Fref%3Dmp_s_a_1_15_sspa%3Fdib%3DeyJ2IjoiMSJ9.-eOAVhFpESUMjTTwTdsAwRDVzp-npEczJ-B2D2uEhlz70URaWUc7j0Yv5-JjJgooq6mpBKQ6EC3veVDz9wpXBZTlMWZ0aBnyvnND_cIvs4yzi6JxNjaohrY-OMhWesdcMNluNDbQA6s-2173FFjNRzQ-u14ckD9YeCNNcsAVV9fmjYN6AK152HyNRG2I4LHKDn8pKVX9JtHbBLvRv1kcyw.facQAahmOy6I9NSpWJ9PPpu3M_COuWgF9K6lX80MkDY%26dib_tag%3Dse%26keywords%3Dprime%2Breads%2Bfree%2Bfor%2Bprime%2Bmembers%26qid%3D1762143471%26sr%3D8-15-spons%26sp_csd%3Dd2lkZ2V0TmFtZT1zcF9waG9uZV9zZWFyY2hfbXRm%26psc%3D1
15,"The Key: The most gripping, heartbreaking novel of World War Two historical fiction from the global bestselling author of The Memory Box",https://www.amazon.com/Key-most-gripping-heartbreaking-book-ebook/dp/B07869BSD4/ref=mp_s_a_1_16?dib=eyJ2IjoiMSJ9.-eOAVhFpESUMjTTwTdsAwRDVzp-npEczJ-B2D2uEhlz70URaWUc7j0Yv5-JjJgooq6mpBKQ6EC3veVDz9wpXBZTlMWZ0aBnyvnND_cIvs4yzi6JxNjaohrY-OMhWesdcMNluNDbQA6s-2173FFjNRzQ-u14ckD9YeCNNcsAVV9fmjYN6AK152HyNRG2I4LHKDn8pKVX9JtHbBLvRv1kcyw.facQAahmOy6I9NSpWJ9PPpu3M_COuWgF9K6lX80MkDY&dib_tag=se&keywords=prime+reads+free+for+prime+members&qid=1762143471&sr=8-16
16,Just Curious,https://www.amazon.com/Just-Curious-Jude-Deveraux-ebook/dp/B008O58I4S/ref=mp_s_a_1_17?dib=eyJ2IjoiMSJ9.-eOAVhFpESUMjTTwTdsAwRDVzp-npEczJ-B2D2uEhlz70URaWUc7j0Yv5-JjJgooq6mpBKQ6EC3veVDz9wpXBZTlMWZ0aBnyvnND_cIvs4yzi6JxNjaohrY-OMhWesdcMNluNDbQA6s-2173FFjNRzQ-u14ckD9YeCNNcsAVV9fmjYN6AK152HyNRG2I4LHKDn8pKVX9JtHbBLvRv1kcyw.facQAahmOy6I9NSpWJ9PPpu3M_COuWgF9K6lX80MkDY&dib_tag=se&keywords=prime+reads+free+for+prime+members&qid=1762143471&sr=8-17
17,Someone You Know: the completely gripping and emotional thriller,https://www.amazon.com/Someone-You-Know-emotional-bestselling-ebook/dp/B0BSNJ2C55/ref=mp_s_a_1_18?dib=eyJ2IjoiMSJ9.-eOAVhFpESUMjTTwTdsAwRDVzp-npEczJ-B2D2uEhlz70URaWUc7j0Yv5-JjJgooq6mpBKQ6EC3veVDz9wpXBZTlMWZ0aBnyvnND_cIvs4yzi6JxNjaohrY-OMhWesdcMNluNDbQA6s-2173FFjNRzQ-u14ckD9YeCNNcsAVV9fmjYN6AK152HyNRG2I4LHKDn8pKVX9JtHbBLvRv1kcyw.facQAahmOy6I9NSpWJ9PPpu3M_COuWgF9K6lX80MkDY&dib_tag=se&keywords=prime+reads+free+for+prime+members&qid=1762143471&sr=8-18
18,unknown ,https://www.amazon.comhttps://aax-us-east-retail-direct.amazon.com/x/c/JBhSqSxpoA9-wnygOUzHwicAAAGaR--K7gEAAAH2AQBvbm9fdHhuX2JpZDMgICBvbm9fdHhuX2ltcDIgICDZkPwK/clv1_CEuOPUxokZA0iHrVa_kck37JflkjXbw_j64J7xmD-MQr139B6SGPMf018nHz9hvWjq0yzpNb3XTPsunPkGEceWdNFDm1Oc_8PxpSTU9SYgadOYhXnyAOLZEdHEepjYamXJOUI0W78tANGk5hgFv_ak5TLFFOGshzBElqUqEnHhGU36Ta0Ek8SAz5MJbld7QzBH9acdHMzpkFUDVhJ9oQXuEFlsWsnsI6KjDhFKorgxcWp4FvlLz2S1sKgEji6npOAE_zFP7W4zho-hUrANRvXRGwenKzslPpBOrh0rfCFaw7BhuBy7yFyCnOZALHHJaq9-sczsxsTvDakJrjVsuQAuhn9etJUhQXvaI16Nd1Orxi0klKDW-H4hWR5rIBU0KHcCRtq0SmgkUghW7SJLzXfGVyRbP6u8pDZfIZM3hCrgUANL9bkxVaLztUwaVWXQoMHaeUao3xp-WQHS8cbA2SvJ4uQ2qPp1y_TBdOTLAmp_2qFGp75LHc-AHMbHhxNK2CqqpS0ANBCZckvBiPqG6J_QDbShZBIlAiKhHYaBTXJr2tTyesYBV04HgFDGfLZXTbcOg1kdlQdgfD0O5fltwGIA3fMTRdiCxa_eAfgriSoXM6mpyp-PsPXWjG5SaBd6WbC0ktbP4TeT9x3rNgNpMQnjc9pYLLBUlYa1gEntRb074pC18HUBCjsDU7oRXyZuR8_jQi8Vpp1flgxv4HHnOiI34xpZLiEOjH8aaZAHEqGTDWvQLBQvhz8TxpsegCa8OiqYF-ExyZ93TMqhrRAV7uASt-rzfJI2B1rtFpW_0oZC-ix1wiYtRNgAVtpbS2VWm8cdW_TQhChzrcmexvd55Qm7ePmWUcjKu-O7aylbTxh2Oxz27r7SgQyCPsim2vgRzIuP9_nYUElh_gGt8STPodHfW53fG-3CtnCxw7KgbYowrZqjF-PUclanRkRy-913WunQmjRYDA7q-1tuzD5gqHYKpTNMGRZ7nBokSIZXV7L_QLUz12dXJzQoWHlAfEA3c9ISCX0ZBtzyoYZ7gOyob7_ipC3wZYKeqRold5_INc6wZmVRmYVYPxEAvnMqVSAs53QFCiSo6XDwI4EruyXpmDr8fHBQbN7JpnWeVXJAVgZZKkMS2GBc8wg3dcB5WouenRg5cGR8e_wgMsPrVvmgYWR2o1V-rBAmfRPbceu4jWtLHF1x-rjCv10ZYnlicxQeUmEFe1IXz4xGiGXCclpHTGIPa78chYhalB_2eo1bEVKmfODEU7V0WSy1iHiiAHG_3KR-15rdCcPEv4UqNEXLIMmUILzpNQoZOK7jCQnGSaO93NKORhT_viyNMevzOp94cLKbQ-WiqVzEnorOYPeUcm0_rF8NcK1mZoCZx5NL904L8xk3qlOE22m9SeFE25XLNsMyXBZEysZxf7CxE9VJPlXqi3nxLwEW5_6pcD5v7XqUdHUhJJq5IkJ8YPNQTWFQGSwRwaDBzEhoTfgjbjEjfxdWKR2A21EvYI4IMp4P8Y7mAPlEPDNGKlO2pA2LJUodijjGb1dxZZYfFTJpr9cdouOBbEjf-dDkaKYEqaIaEmjPbP19ObzrSkUbJbCeUpkatjXeWmBUn8ybT4T_TkJ3lUVh9p6d2Jw4EjhbvE01DA3_i4cFbaMCWroiZoqW1NZtmYTiPYLUrr0bE2dX2AuBxOwZAKRRrBVxMWFYh2rJcSSfqoF94u4dbwdEJ1wvaImue2_aRpefenoBdYvGuojs4EHBjA2hcFvzusqr1PAxm62WiEqffqw9NVZMxzxXfjId4fiqYCxVGC-L9QPvNRI79g73w3He736QLdQtf3BSP0v6WkGsOPw5Zu1acvIMaX8v9yriN7VuJkKZsOhvnrO1voOuq4irpoUOOYHP1xTDFrryRTyYD1NKi2j0snIo2E0IQuk_OKeQZ87-us6yVydSruLcu8iwgJ0q49UZPcu74Vv30DGxNT1snIZ5gL3zTAJix6n7HMcUYVPPOL5be5aIy1G3_xr8xDCmGISZ04LAbzMefjGSMXcf6lfp_AhBTA9mo3Le57YhdWWbc0hUhui9bBufXfkuRrQseoYc8yX5pfc5Ret8N3dHQkU7cs4EwbIJKZyShXfREcgBUY__AagaxpWxD00mdaIh_0V03aIbmr5NfrvE-w6oG4t8U0--orvwT7D3xq3mF0fjJuPUriKAmqpi6PDZ2j0jg36QHTD5pLTKw4IoCqDsbSQuNQJHJCHG8xvKumSb3l5pzNuLQZJugo792s1MZKggo8odHSCmsG48Ejc4YUOAzyxJL5bM3Vr6QnKnqVTmHNh7SbsGEJIbkxTIXEVbv_xilTBuWnJKhxMmOZt5VKIhFmWFX6xrnEDOwg9SL7wsYzyHnQqxbKGur5JvAnhY9IiDv5HvpiBKgDcnIjXFZeb1BYLPNGQJYJstrZR_xB6_64cxq-fQ/https://www.amazon.com/stores/author/B07VSYMSFJ/?_encoding=UTF8&store_ref=SB_A020319133AEI9NI57CL-A00778891XDRJ6OSXTS75&pd_rd_plhdr=t&aaxitk=be1da233bd14a8d3b254a3a398701b69&hsa_cr_id=0&lp_asins=B09NQJ37D3%2CB07W7T9M9Z%2CB07XY924MG&lp_query=prime%20reads%20free%20for%20prime%20members&lp_slot=mobile-hsa-3psl&ref_=sbx_be_s_3psl_mbscm_mb0_bkgd&pd_rd_w=Tlj9f&content-id=amzn1.sym.30f2f024-7b49-496d-9558-16111cc78a23%3Aamzn1.sym.30f2f024-7b49-496d-9558-16111cc78a23&pf_rd_p=30f2f024-7b49-496d-9558-16111cc78a23&pf_rd_r=PR1YT4ENQ5MF6N9HZ1Y0&pd_rd_wg=ENDmR&pd_rd_r=8c349ce4-967c-49ce-943f-28392c8be070
19,unknown ,https://www.amazon.comhttps://aax-us-east-retail-direct.amazon.com/x/c/JBQzpTAbW2JqO18T9Z5ubmoAAAGaR--K7wEAAAH2AQBvbm9fdHhuX2JpZDMgICBvbm9fdHhuX2ltcDIgICCCO2gC/clv1_CEuOPUxokZA0iHrVa_kck37JflkjXbw_j64J7xmD-MQr139B6SGPMf018nHz9hvWjq0yzpNb3XTPsunPkGEceWZPECW0PNb5IkQKOXFhcwKnGdthtDAOLZEdHEepjYamXJOUI0W78tANGk5hgFv_ak5TLFFOGshzBElqUqEnHhGU36Ta0Ek8SAz5MJbld7QzBH9acdHMzpkFUDVhJ9oQXuEFlsWsnsI6KjDhFKorgxcWp4FvlLz2S1sKgEji6npOAE_zFP7W4zho-hUrANRvXRGwenKzslPpBOrh0rfCFaw7BhuBy7yFyCnOZALHHJaq9-sczsxsTvDakJrjDcOMA-gu_u1ZfAs4kP5C5fRpKb9jtXNePnek3BWR5rIBU0KHcCRtq0SigkUgjW3SJLCYfGV6ArHEr49DX_IZM3hCrgUANL9bkxVaLztUwaVWXQoMHaeUao3xp-WQHS8cbA2SvJ4uQ2qPp1y_TBdOTLAmp_2qFGp75LHc-AHMbHhxNK2CqqpS0ANBCZckvBiPqG6J_QDbShZBIlAiKhHYaBTXJr2tTyesYBV04HgFDGfLZXTbcOg1kdlQdgfD0O5fltwGIA3fMTRdiCxa_eAfgriSoXM6mpyp-PsPXWjG5SaBd6WbC0ktbP4TeT9x3rNgNpMQnjc9pYLLBUlYa1gEntRb074pC18HUBCjsDU7oRXyZuR8_jQi8Vpp1flgxv4HHnOiI34xpZLiEOjH8aaZAHEqGTDWvQLBQvhz8TxpsegCa8OiqYF-ExyZ93TMqhrRAV7uASt-rzfJJ2B1rtFpW_0oZC-ix1wiYtRNgAVtpbS2VWm8cdW_TQhChzrclcZfauVvrpmIo30nrvS8Ld2jo-qeh2Oxz27r7SgQyCPsim2vgRzIuP9_nYUElh_gGt8STPodHfW53fG-3CtnCxw7KgbYowrZqjF-PUclanRkRy-913WunQmjRYDA7q-1tuzD5gqHYKpTNMGRZ7nBokSIZXV7L_QLUz12dXJzQoWHlAfEA3c9ISCX0ZB1hyoYZ7gOyob7_ipC3wZYKeqRold5_INc6wZIc1Cbe725ExvNMqVSAs53QFCiSo6XDwI4EruyXpmDr8fHBQbd7JpnWeVQJwVgL5K0C2aEO9d6g3dcB5WouenRg5cGR8e_wgMsPrVvigZbR2o1V-rBAmfRPbceu4jWtLHF1x-rjCv10ZYnlicxQeUmEFe1IXz4xGiGXCclpHTGIPa78chYhalB_2eo1bEVKmfODEU7V0WSy1iHiiAHG_3KR-15rdCcPEv4UqNEXLIMmUILzpNQoZOK7jCQnGSaO93NKORhT_viyNMevzOp94cLKbQ-WiqVzEnorOYPeUcm0_rF8NcK1mZoCZx5NL904L8xk3qlOE22m9SeFE25XLNsMyXBZEysZxf7CxE9VJPlXqi3nxLwEW5_6pcD5v7XqUdHUhJJq5IkJ8YPNQTWFQGSwRwaDBzEhoTfgjbjEjfxdWKR2A21EvYI4IMp4P8Y7mAPlEPDNGKlO2pA2LJUodijjGb1dxZZYfFTJpr9cdouOBbEjf-dDkaKYEqaIaEmjPbP19ObzrSkUbJbCeUpkatjXeWmBUn8ybT4T_TkJ3lUVh9p6d2Jw4EjhbvE01DA3_i4cFbaMCWroiZoqW1NZtmYTiPYLUrr0bE2dX2AuBxOwZAKRRrBVxMWFYh2rJcSSfqoF94u4dbwdEJ1wvaImue2_aRpefenoBdYvGuojs4EHBjA2hcFvzusqr1PAxm62WiEqffqw9NVZMxzxXfjId4fiqYCxVGC-L9QPvNRI79g73w3He736QLdQtf3BSP0v6WkGsOPw5Zu1acvIMaX8v9yriN7VuJkKZsOhvnrO1voOuq4irpoUOOYHP1xTDFrryRTyYD1NKi2j0snIo2E0IQuk_OKeQZ87-us6yVydSruLcu8iwgJ0q49UZPcu74Vv30DGxNT1snIZ5gL3zTAJix6n7HMcUYVPPOL5be5aIy1G3_xr8xDCmGISZ04LAbzMefjGSMXcf6lfp_AhBTA9mo3Le57YhdWWbc0hUhui9bBufXfkuRrQseoYc8yX5pfc5Ret8N3dHQkU7cs4EwbIJKZyShXfREcxlN82PMagaxpWxC36hl0OAKdVzKdb9Tfwr7rlFvNtM67t8U0--orvwT7D3xq3mF0fjJuPUriKAmqpi6PDZ2j0jg36QHTD5pLTKw4IoCqDsbSQuNQJHJCHG8xvKumSb3l5pzNuLQZJugo792s1MZKggo8odHSCmsG48Ejc4YUOAzyxJL5bM3Vr6QnKnqVTmHNh7SbsGEJIbkxTIXEVbv_xilTBuWnJKhxMmOZt5VKIhFmWFX6xrnEDOwg9SL7wsYzyHnQqxbKGur5JvAnhY9IiDv5HvpiBKgDcnIjXFZeb1BYLPNGyE1b_YO8NJi9QOrUdjeyQw/https://www.amazon.com/stores/page/FDD6FE70-8DBD-4E5E-B17A-2426AE2AFC25/?_encoding=UTF8&store_ref=SB_A01416373RH5H3WD6TCNE-A01726251C5RNU43IB2VT&pd_rd_plhdr=t&aaxitk=d2694aed5a6c75f80b2ef110b02bcd99&hsa_cr_id=5930262120901&lp_asins=B077TKTVF4%2CB07CHSBBKG%2CB07KV41SGG&lp_query=prime%20reads%20free%20for%20prime%20members&lp_slot=mobile-hsa-3psl&ref_=sbx_be_s_3psl_mbscm_mb1_bkgd&pd_rd_w=Tlj9f&content-id=amzn1.sym.30f2f024-7b49-496d-9558-16111cc78a23%3Aamzn1.sym.30f2f024-7b49-496d-9558-16111cc78a23&pf_rd_p=30f2f024-7b49-496d-9558-16111cc78a23&pf_rd_r=PR1YT4ENQ5MF6N9HZ1Y0&pd_rd_wg=ENDmR&pd_rd_r=8c349ce4-967c-49ce-943f-28392c8be070
20,unknown ,https://www.amazon.comhttps://aax-us-east-retail-direct.amazon.com/x/c/JPi1hkfXfGkL7UknBUrmPYgAAAGaR--K8AEAAAH2AQBvbm9fdHhuX2JpZDMgICBvbm9fdHhuX2ltcDIgICAx0SJ0/clv1_CEuOPUxokZA0iHrVa_kck37JflkjXbw_j64J7xmD-MQr139B6SGPMf018nHz9hvWjq0yzpNb3XTPsunPomEceQ1HCA6rR8ajGngTenpKQHWaAbctvBYOLZEdHEepvoamXJOUI0W78tANGk5hgFv_ak5TLFFOGshzBElqUqEnHhGU36Ta0Ek8SAz5MJbld7QzBH9acdHMzpkFUDVhJ9oQXuEFlsWsnsI6KjDhFKorgxcWp4FvlLz2S1sKgEji6npOAE_zFP7W4zho-hUrANRvXRGwenKzslPpBOrh0rfCFaw7BhuBy7yFyCnOZALHHJaq9-sczsxsTvDakJr9M-mEM5xWiNNaXjkPn5xB541PEqBYzjZHMk281z-R5rIBU0KHcCRtq0SmgkUggSXSNLybfUtmB7DUncpDZfIZM3hCrgUANL9bkxVaLztUwaVWXQoMHaeUao3xp-WQHS8cbA2SvJ4uQ2qPp1y_TBdOTLAmp_2qFGp75LHc-AHMbHhxNK2CqqpS0ANBCZckvBiPqG6J_QDbShZBIlAiKhHYaBTXJr2tTyesYBV04HgFDGfLZXTbcOg1kdlQdgfD0O5fltwGIA3fMTRdiCxa_eAfgriSoXM6mpyp-PsPXWjG5SaBd6WbC0ktbP4TeT9x3rNgNpMQnjc9pYLLBUlYa1gEntRb074pC18HUBCjsDU7oRXyZuR8_jQi8Vpp1flgxv4HHnOiI34xpZLiEOjH8aaZAHEqGTDWvQLBQvhz8TxpsegCa8OiqYF-ExyZ93TMqhrRAV7uASt-rzfJK2B1rtFpW_0oZC-ix1wiYtRNgAVtpbS2VWm8cdW_TQhChzqW4oxjZOFXncGy30lBydaJK7fRr9Ceh2Oxz27r7SgQyCPsim2vgRzIuP9_nYUElh_gGt8STPodHfW53faX0ChkbhgNMDqViBHijAhJDlMZXhNsYiri9mWBtii_RYHq-YWYgP_QuGmXVrRuJNeAJbrGx3mRcCtgM_sKZTtPYWlCeJH00wbHPXoVHHqH_792xzwbVqU1roK8wDR_hihqJvO9nWph_INftRJ6ZEa1UbqwPm3aeLtBGd5maXWxXo3FSRQrL-WdcbCfudf2UALa44VIReILCDhjIIynMn2CBeF4gnVqGYGRvvXNvs1AbsTTihYrLvB6ingHaW4fdsH7VyPXFLMEkI__sKid6kWF-Gn35YlY1iRbXdccKmmLH2zaxGiHeR8Jo1nfIuCr-PNhmfVDxWu177dtdE_IIlwWfUWT9keDnxgvC7zER559quWUPHD5FKJvcaUUk1kb2JB5tbmJ4TCtpmCVZ8rZYetKT-fd9eYCqgqC2Z8IKI07dxCZ0U_l27gZZ3o265_R6OwO2SBoVu9ONb5vo7E6tWemOQuojemzCXeRWKlqSCXtWEGCfhXVe0Q5fZuxT4ar2BSKFW5O-vQNzaXQo0FEcARY97wGJrcANQbDKAOH9TEDD3mnsIe4uzzlFzj7bVr28TyzR9YA880U9PomsVwLiHvzGXqaDAJ68YkkusiypVyodBlvK_5tCIHQS-AuCRj5kurDHkKLG0qGCYoHsc6k0_Sa5PWJaIdfG95YtK9dQ-H9PHe92Z_QbfDjDW0ERi1Tte_V7YUM8ILO-33p3u62Y1fjMDWFmjl8qVY_WIaacAXYLUrrxowpcXmAtwRD7a8JVgz7ZkYHOIwprMgRDcOSJYEfhLXnZ38wyua9oO2NnKFkQJK_rxFi4W2QsK0WIgjq1Sxe6TWvnKUQOg29xnyfre3q9sMOZr0MxHfjLdYCtJgY7Q7toYZ5EOFRI68a720SOvjF4UnhSc-5Kyf4rKWmEpm1x5lo-txULNyu9-FZuSAhaah4MqYBmebHPH3mAraktqJUapaAQe0JWg5O2jxst9fpCLOdgHgJVpa7x4cwq__5ShEFsO6E8wpGaDXwMM6klh9hwvQlVbrNiqMZhU9oHzpR3cy4Y5d4yg6oOgxIkrH2Q0Q3PMS16aexa5ydGEbTr_t9Bk2_d5EUGzj_MdDdFQ8gT_LmZpvTwCT6ozMCHvo-ahdKGLMRrFFGpdrbvveg1eJCVsKvbsgKc555BZc5r8J0dgsXbcIKhXkPOM22-lcAVWt8KvHFBGaEEhHUAEMIU4qWgcaRRyOMaouAgGw0lbIJsI8bz2j6re7ofps35socyeWk0ZgOrnmmX3bx-GrQSdXji3RuwQ-DV9cWTL18aZvpFc3PAeFZUj0TTzoyq7a0Abq7pJfD5qNRe6Y9nLGE9cxc2Ro9o_ryLkwEh7BDU7Q4RDvlxpbiL9zGrLUnL1u_S6C_-0T4jxpsDoEmYICqQK768toxb3zlLfM-AUKV4uVKGTR9eWXvjfPxKewdxzXTupI04Xrgmyb6KtrJAPAYhp9onCb9LsVhIpcAck0gemldSbsfb4UFO7cFI1NjiL3AjfjcmWc-jAF1c1QdsjYBFIAJWR3UPsdi1g/https://www.amazon.com/stores/page/CA45F654-D5F0-4B8F-A873-79EB451EF578/?_encoding=UTF8&store_ref=SB_A0485031327D0QJJMQR6U-A00237863JVJTM7XQ09RO&pd_rd_plhdr=t&aaxitk=14b2172b7accdcb3803034e685cf0b9a&hsa_cr_id=0&lp_asins=B00E3JAGZS%2CB00JD11NSU%2CB00RCJ0QD8&lp_query=prime%20reads%20free%20for%20prime%20members&lp_slot=mobile-hsa-3psl&ref_=sbx_be_s_3psl_mbscm_mb2_bkgd&pd_rd_w=Tlj9f&content-id=amzn1.sym.30f2f024-7b49-496d-9558-16111cc78a23%3Aamzn1.sym.30f2f024-7b49-496d-9558-16111cc78a23&pf_rd_p=30f2f024-7b49-496d-9558-16111cc78a23&pf_rd_r=PR1YT4ENQ5MF6N9HZ1Y0&pd_rd_wg=ENDmR&pd_rd_r=8c349ce4-967c-49ce-943f-28392c8be070
21,unknown ,https://www.amazon.comhttps://aax-us-east-retail-direct.amazon.com/x/c/JEbBdr-ZPBnz2XaEDLXQ6s0AAAGaR--K8QEAAAH2AQBvbm9fdHhuX2JpZDMgICBvbm9fdHhuX2ltcDIgICAQZZ7h/clv1_CEuOPUxokZA0iHrVa_kck37JflkjXbw_j64J7xmD-MQr139B6SGPMf018nHz9hvWjq0yzpNb3XTPsunPnWEceXJ4GXuPS8mjPE81VE12cn69EKplrwYOLZEdHEepjYamXJOUI0W78tANGk5hgFv_ak5TLFFOGshzBElqUqEnHhGU36Ta0Ek8SAz5MJbld7QzBH9acdHMzpkFUDVhJ9oQXuEFlsWsnsI6KjDhFKorgxcWp4FvlLz2S1sKgEji6npOAE_zFP7W4zho-hUrANRvXRGwenKzslPpBOrh0rfCFaw7BhuBy7yFyCnOZALHHJaq9-sczsxsTvDakJrkCN-bLMNGjOhkXhkAq4QQ6Ps4KqZs0mxCLmf60z-R5rIBU0KHcCRtq0SigkUgjSfRCrDTfHVYRbPUu4hBT_IZM3hCrgUANL9bkxVaLztUwaVWXQoMHaeUao3xp-WQHS8cbA2SvJ4uQ2qPp1y_TBdOTLAmp_2qFGp75LHc-AHMbHhxNK2CqqpS0ANBCZckvBiPqG6J_QDbShZBIlAiKhHYaBTXJr2tTyesYBV04HgFDGfLZXTbcOg1kdlQdgfD0O5fltwGIA3fMTRdiCxa_eAfgriSoXM6mpyp-PsPXWjG5SaBd6WbC0ktbP4TeT9x3rNgNpMQnjc9pYLLBUlYa1gEntRb074pC18HUBCjsDU7oRXyZuR8_jQi8Vpp1flgxv4HHnOiI34xpZLiEOjH8aaZAHEqGTDWvQLBQvhz8TxpsegCa8OiqYF-ExyZ93TMqhrRAV7uASt-rzfJL2B1rtFpW_0oZC-ix1wiYtRNgAVtpbS2VWm8cdW_TQhChzqVlcloAMtJsqSQpUo1ttW8IOeyleykh2Oxz27r7SgQyCPsim2vgRzIuP9_nYUElh_gGt8STPodHfW53fG-3CtnCxw7KgbYowrZqjF-PUclanRkRy-913WunQmjRYDA7q-1tuzD5gqHYKpTNMGRZ7nBokSIZXV7L_QLUz12dXJzQoWHlAfEA3c9ISCY0ZBXgioYZ7gOyob7_ipC3wZYKeqRold5_INc6wVIZxmYVYv1EwvrM6VCHs53QFCiSo6XDwI4EruyXpmDr8fHBQbd7JpnWfUaJCtCL5K0IS2FK8N6g3dcB5WouenRg5cGR8e_wgMsPrVvigZdR2o1V-rBAmfRPbceu4jWtLHF1x-rjCv10ZYnlicxQeUmEFe1IXz4xGiGXCclpHTGIPa78chYhalB_2eo1bEVKmfODEU7V0WSy1iHiiAHG_3KR-15rdCcPEv4UqNEXLIMmUILzpNQoZOK7jCQnGSaO93NKORhT_viyNMevzOp94cLKbQ-WiqVzEnorOYPeUcm0_rF8NcK1mZoCZx5NL904L8xk3qlOE22m9SeFE25XLNsMyXBZEysZxf7CxE9VJPlXqi3nxLwEW5_6pcD5v7XqUdHUhJJq5IkJ8YPNQTWFQGSwRwaDBzEhoTfgjbjEjfxdWKR2A21EvYI4IMp4P8Y7mAPlEPDNGKlO2pA2LJUodijjGb1dxZZYfFTJpr9cdouOBbEjf-dDkaKYEqaIaEmjPbP19ObzrSkUbJbCeUpkatjXeWmBUn8ybT4T_TkJ3lUVh9p6d2Jw4EjhbvE01DA3_i4cFbaMCWroiZoqW1NZtmYTiPYLUrr0bE2dX2AuBxOwZAKRRrBVxMWFYh2rJcSSfqoF94u4dbwdEJ1wvaImue2_aRpefenoBdYvGuojs4EHBjA2hcFvzusqr1PAxm62WiEqffqw9NVZMxzxXfjId4fiqYCxVGC-L9QPvNRI79g73w3He736QLdQtf3BSP0v6WkGsOPw5Zu1acvIMaX8v9yriN7VuJkKZsOhvnrO1voOuq4irpoUOOYHP1xTDFrryRTyYD1NKi2j0snIo2E0IQuk_OKeQZ87-us6yVydSruLcu8iwgJ0q49UZPcu74Vv30DGxNT1snIZ5gL3zTAJix6n7HMcUYVPPOL5be5aIy1G3_xr8xDCmGISZ04LAbzMefjGSMXcf6lfp_AhBTA9mo3Le57YhdWWbc0hUhui9bBufXfkuRrQseoYc8yX5pfc5Ret8N3dHQkU7cs4EwbIJKZyShXfS4c_kYYnA312JgOsdz_R_QJNQxZ7HUTg_Tw1W9DaxkfVE2ldLNz2MZv_R7nCmN12HV0Yno8NlGlIx79-imAFeLy3TgjgEfAGIdKBLEgKN_kBMTRX7IYOGwdSm80vemnBbvi5siO7oF1T5lo3OqR9Yx2tTgdocrAGFlawr00d4EBfjLI4qfSL8L1lIK6fFtYLJjR2FX6vgNCI5sTXpLEdOau0ip2f66lL8QFA1uS69N6LSJmWEPKyYrkCvg98STb1uQ03nnQqxbKGur5JvAYhql3iyLFO8VeIbE_cWvLPSoUCRHcyxDiDr3mII_iMN6Wg7s/https://www.amazon.com/stores/page/D970D5C2-07E7-42FC-A5A8-233F4B8B7C7B/?_encoding=UTF8&store_ref=SB_A018712626ZY6EMI5Z0EP-A0558954345JT0UCI0WSL&pd_rd_plhdr=t&aaxitk=6a998eec33de24f76c27b549b6686a3d&hsa_cr_id=1235922830101&lp_asins=B01I0X2YR0%2CB01N6PUOSU%2CB06XXLFCPC&lp_query=prime%20reads%20free%20for%20prime%20members&lp_slot=mobile-hsa-3psl&ref_=sbx_be_s_3psl_mbscm_mb3_bkgd&pd_rd_w=Tlj9f&content-id=amzn1.sym.30f2f024-7b49-496d-9558-16111cc78a23%3Aamzn1.sym.30f2f024-7b49-496d-9558-16111cc78a23&pf_rd_p=30f2f024-7b49-496d-9558-16111cc78a23&pf_rd_r=PR1YT4ENQ5MF6N9HZ1Y0&pd_rd_wg=ENDmR&pd_rd_r=8c349ce4-967c-49ce-943f-28392c8be070
22,unknown ,https://www.amazon.comhttps://aax-us-east-retail-direct.amazon.com/x/c/JOaakBhA0UQupIKEPnuCU8UAAAGaR--K8gEAAAH2AQBvbm9fdHhuX2JpZDMgICBvbm9fdHhuX2ltcDIgICB3QQb7/clv1_CEuOPUxokZA0iHrVa_kck37JflkjXbw_j64J7xmD-MQr139B6SGPMf018nHz9hvWjq0yzpNb3XTPsunPnmEceRV7Lhi-O-bJKWpTZU52ch6sQKRArQYOLZEdHEepioamXJOUI0W78tANGk5hgFv_ak5TLFFOGshzBElqUqEnHhGU36Ta0Ek8SAz5MJbld7QzBH9acdHMzpkFUDVhJ9oQXuEFlsWsnsI6KjDhFKorgxcWp4FvlLz2S1sKgEji6npOAE_zFP7W4zho-hUrANRvXRGwenKzslPpBOrh0rfCFaw7BhuBy7yFyCnOZALHHJaq9-sczsxsTvDakJr_PtOkNPh7-9tYfAILvZwD6I44Kr5j1TdDCnP40z-R5rIBU0KHcCRtq0SigkUgjWzSCoLQfGV6ALPEv4hBT_IZM3hCrgUANL9bkxVaLztUwaVWXQoMHaeUao3xp-WQHS8cbA2SvJ4uQ2qPp1y_TBdOTLAmp_2qFGp75LHc-AHMbHhxNK2CqqpS0ANBCZckvBiPqG6J_QDbShZBIlAiKhHYaBTXJr2tTyesYBV04HgFDGfLZXTbcOg1kdlQdgfD0O5fltwGIA3fMTRdiCxa_eAfgriSoXM6mpyp-PsPXWjG5SaBd6WbC0ktbP4TeT9x3rNgNpMQnjc9pYLLBUlYa1gEntRb074pC18HUBCjsDU7oRXyZuR8_jQi8Vpp1flgxv4HHnOiI34xpZLiEOjH8aaZAHEqGTDWvQLBQvhz8TxpsegCa8OiqYF-ExyZ93TMqhrRAV7uASt-rzfJM2B1rtFpW_0oZC-ix1wiYtRNgAVtpbS2VWm8cdW_TQhChzqXhfR3WfVsq8Oimn1DkPKUAs3WvbWOh2Oxz27r7SgQyCPsim2vgRzIuP9_nYUElh_gGt8STPodHfW53fG-3CtnCxw7KgbYowrZqjF-PUclanRkRy-913WunQmjRYDA7q-1tuzD5gqHYKpTNMGRZ7nBokSIZXV7L_QLUz12dXJzQoWHlAfEA3c9ISCY0ZBlhioYZ7gOyob7_ipC3wZYKeqRold5_INc6wVYWVKYe7G4ExvNeaVSAs53QFCiSo6XDwI4EruyXpmDr8fHBQbd7JpnWelTJztkZZG0OS-GFeU2g3dcB5WouenRg5cGR8e_wgMsPrVvigZfRH86XcL7WyLvIqsSgLLok76gzwOr00zP57MBjCRWTdscKl_vJGytx1KpYngnjU3WMdid9M5xgbxA_xSz46NidlDTFA8-RxiO9keDjSgaF6PyfooaoeWIYEntbPxGdYsciG8P26tPrYaK_yCyp3SSPeXNT_1nZJCA9uYCvzGTyYAJPIphTyqJ10iSt_kbfHol05-y8-0a_HhQUOdLNb9ohYwhvWGnLXPpmf2nBFyXQOttMz3Qbk71fy-nRRs7UJexT4aFminwGXVH-7YJ4PjQo1R9MQFHzIoTNuw-JRX4DQas9CoAD3urgomtvGn0PQracFz2zgzuR_kC5b0z9Polt14QjAnyH36xPGVAzrUhhNKli0zwTAlvd-dGKZDVRPgFDjO3lcbDElCKYWjYH5o-ssyRpNabzIaLb61PAvQAqK1ke_n7E1zzw5zSYeXdAk8PbCp1we78_ZMjh4LO1VDq1Oy9TVLZCi2tnDZ0sHxkQJebYzjIPGfvm7YTeSW-qC4V95I0TQvobkYHO6pjlvZmRMOSD8IuhNboTHgSwcuXpOG2pqFnQJ276xJinm2-hbESHxfMyS906SaRg7VBEjOLyXmq2ujpwN8eXsx7nUnzJfsShaoJ_juGv75QAPFSRIVB7XkJQuzVmgLyf629AA70qqXAKIG03IIo1PoJX_etneRZvRp6evZocKYggqbtOV_CNY6Sgr5VXOWbecwMVCJNriVTydDwHpWzsFsee4uA09o-puPMUy9asPCC8yRyEybeLPPnzBdhocAPZ5Pcu74Vv30MOT9k5bbZa5kb4z-cGDZ6n7HMcUYVPPOL5be5aIy1G3_xwPtFJCK_T7N7Gwb_XtDlN2Agd9eie7X9nRfA9i83Mvp6WT14ZIERowpTsd6ejZKokeJCRp-patdtWZhbWZw2ib90EWQMaOke80cPO8KZySkUJjvd3H1QqvcagayXSurO9nh7D5GouWHqbp7BUrMN7SP0VvW_d9FCgIZv_hnnDWZ13H5sfSZqKhqvf0Tx5jOEC5aw0EN4kkPKHYdKX7s8ap3pDoXeCuxZeCxfXjAuqum3F-XzqorY5vEWMotM9s-R9dVdhkAAz8jAcm168_MVZtoycir22Z_PUsbF1LZ6FWxILIBp0l2H9zhiJ6YzdYfieozU8lIMeJyiJZl0Cwjn29xJLSJmWFX6xq_0Fe8P1ib50fI03nnQqxbKGur5JvAnhY93iyLFO-NeIZc_cWsfeU-2DvhWL1NW5xmufMMH--X9nmRuAuE/https://www.amazon.com/stores/page/84B23CA2-7358-43B3-9C7F-CE203082E73B/?_encoding=UTF8&store_ref=SB_A0887429LL83LFO1955Y-A046731932IP03V8H5209&pd_rd_plhdr=t&aaxitk=758c174fe2b1186a5aa47c8c2faab107&hsa_cr_id=3922795750001&lp_asins=B00VKZH2LO%2CB017E5QZ1Q%2CB01G5NY2I6&lp_query=prime%20reads%20free%20for%20prime%20members&lp_slot=mobile-hsa-3psl&ref_=sbx_be_s_3psl_mbscm_mb4_bkgd&pd_rd_w=Tlj9f&content-id=amzn1.sym.30f2f024-7b49-496d-9558-16111cc78a23%3Aamzn1.sym.30f2f024-7b49-496d-9558-16111cc78a23&pf_rd_p=30f2f024-7b49-496d-9558-16111cc78a23&pf_rd_r=PR1YT4ENQ5MF6N9HZ1Y0&pd_rd_wg=ENDmR&pd_rd_r=8c349ce4-967c-49ce-943f-28392c8be070
23,Covent Garden in the Snow: The most gorgeous and heartwarming Christmas romance of the year!,https://www.amazon.com/Covent-Garden-Snow-heartwarming-Christmas-ebook/dp/B06XRFWHRZ/ref=mp_s_a_1_19?dib=eyJ2IjoiMSJ9.-eOAVhFpESUMjTTwTdsAwRDVzp-npEczJ-B2D2uEhlz70URaWUc7j0Yv5-JjJgooq6mpBKQ6EC3veVDz9wpXBZTlMWZ0aBnyvnND_cIvs4yzi6JxNjaohrY-OMhWesdcMNluNDbQA6s-2173FFjNRzQ-u14ckD9YeCNNcsAVV9fmjYN6AK152HyNRG2I4LHKDn8pKVX9JtHbBLvRv1kcyw.facQAahmOy6I9NSpWJ9PPpu3M_COuWgF9K6lX80MkDY&dib_tag=se&keywords=prime+reads+free+for+prime+members&qid=1762143471&sr=8-19
24,No Time Left (Kindle Single),https://www.amazon.com/No-Time-Left-Kindle-Single-ebook/dp/B004LB4FBE/ref=mp_s_a_1_20?dib=eyJ2IjoiMSJ9.-eOAVhFpESUMjTTwTdsAwRDVzp-npEczJ-B2D2uEhlz70URaWUc7j0Yv5-JjJgooq6mpBKQ6EC3veVDz9wpXBZTlMWZ0aBnyvnND_cIvs4yzi6JxNjaohrY-OMhWesdcMNluNDbQA6s-2173FFjNRzQ-u14ckD9YeCNNcsAVV9fmjYN6AK152HyNRG2I4LHKDn8pKVX9JtHbBLvRv1kcyw.facQAahmOy6I9NSpWJ9PPpu3M_COuWgF9K6lX80MkDY&dib_tag=se&keywords=prime+reads+free+for+prime+members&qid=1762143471&sr=8-20
